state,year,rainfall_mm,avg_temperature_c,oni_index,agricultural_gdp_cr,rainfall_anomaly,temp_anomaly,lagged_rainfall_mm,lagged_temperature_c,lagged_oni
Andhra Pradesh,2009,673.4,28.56,0.282,83.4,-230.9,0.35,673.4,28.56,0.282
Andhra Pradesh,2010,1396.7,27.64,-0.475,87.2,492.4,-0.57,673.4,28.56,0.282
Andhra Pradesh,2011,525.4,28.06,-0.775,91.0,-378.9,-0.15,1396.7,27.64,-0.475
Andhra Pradesh,2012,652.1,28.38,-0.063,94.8,-252.2,0.17,525.4,28.06,-0.775
Andhra Pradesh,2013,1113.4,27.39,-0.234,98.6,209.1,-0.82,652.1,28.38,-0.063
Andhra Pradesh,2014,668.4,27.93,0.205,87.4,-235.9,-0.28,1113.4,27.39,-0.234
Andhra Pradesh,2015,831.1,28.27,1.548,79.2,-73.2,0.06,668.4,27.93,0.205
Andhra Pradesh,2016,808.2,28.36,0.423,83.0,-96.1,0.15,831.1,28.27,1.548
Andhra Pradesh,2017,763.3,28.85,-0.115,98.8,-141.0,0.64,808.2,28.36,0.423
Andhra Pradesh,2018,607.2,28.56,0.094,102.6,-297.1,0.35,763.3,28.85,-0.115
Andhra Pradesh,2019,913.7,28.56,0.575,79.4,9.4,0.35,607.2,28.56,0.094
Andhra Pradesh,2020,1293.7,27.88,-0.272,95.2,389.4,-0.33,913.7,28.56,0.575
Andhra Pradesh,2021,1087.7,28.11,-0.635,99.0,183.4,-0.1,1293.7,27.88,-0.272
Andhra Pradesh,2022,1152.2,27.88,-0.85,102.8,247.9,-0.33,1087.7,28.11,-0.635
Andhra Pradesh,2023,1077.3,28.66,0.9,94.6,173.0,0.45,1152.2,27.88,-0.85
Bihar,2009,1005.2,26.2,0.282,118.4,-106.8,0.68,1005.2,26.2,0.282
Bihar,2010,766.1,26.72,-0.475,122.2,-345.9,1.2,1005.2,26.2,0.282
Bihar,2011,1179.4,25.33,-0.775,126.0,67.4,-0.19,766.1,26.72,-0.475
Bihar,2012,998.5,25.5,-0.063,129.8,-113.5,-0.02,1179.4,25.33,-0.775
Bihar,2013,1116.1,24.89,-0.234,133.6,4.1,-0.63,998.5,25.5,-0.063
Bihar,2014,890.5,24.93,0.205,122.4,-221.5,-0.59,1116.1,24.89,-0.234
Bihar,2015,866.5,25.72,1.548,114.2,-245.5,0.2,890.5,24.93,0.205
Bihar,2016,1151.1,26.16,0.423,118.0,39.1,0.64,866.5,25.72,1.548
Bihar,2017,983.6,25.46,-0.115,133.8,-128.4,-0.06,1151.1,26.16,0.423
Bihar,2018,1044.9,25.23,0.094,137.6,-67.1,-0.29,983.6,25.46,-0.115
Bihar,2019,1255.9,25.52,0.575,114.4,143.9,0.0,1044.9,25.23,0.094
Bihar,2020,1524.9,24.67,-0.272,130.2,412.9,-0.85,1255.9,25.52,0.575
Bihar,2021,1693.0,24.98,-0.635,134.0,581.0,-0.54,1524.9,24.67,-0.272
Bihar,2022,1140.5,25.42,-0.85,137.8,28.5,-0.1,1693.0,24.98,-0.635
Bihar,2023,1064.4,26.02,0.9,129.6,-47.6,0.5,1140.5,25.42,-0.85
Gujarat,2009,800.3,26.58,0.282,98.4,91.4,0.27,800.3,26.58,0.282
Gujarat,2010,912.0,26.31,-0.475,102.2,203.1,-0.0,800.3,26.58,0.282
Gujarat,2011,796.0,25.92,-0.775,106.0,87.1,-0.39,912.0,26.31,-0.475
Gujarat,2012,367.1,25.77,-0.063,109.8,-341.8,-0.54,796.0,25.92,-0.775
Gujarat,2013,871.8,25.32,-0.234,113.6,162.9,-0.99,367.1,25.77,-0.063
Gujarat,2014,479.1,26.02,0.205,102.4,-229.8,-0.29,871.8,25.32,-0.234
Gujarat,2015,442.5,26.49,1.548,94.2,-266.4,0.18,479.1,26.02,0.205
Gujarat,2016,472.7,26.24,0.423,98.0,-236.2,-0.07,442.5,26.49,1.548
Gujarat,2017,743.7,26.55,-0.115,113.8,34.8,0.24,472.7,26.24,0.423
Gujarat,2018,327.3,27.22,0.094,117.6,-381.6,0.91,743.7,26.55,-0.115
Gujarat,2019,1325.9,26.34,0.575,94.4,617.0,0.03,327.3,27.22,0.094
Gujarat,2020,902.7,26.27,-0.272,110.2,193.8,-0.04,1325.9,26.34,0.575
Gujarat,2021,913.3,26.41,-0.635,114.0,204.4,0.1,902.7,26.27,-0.272
Gujarat,2022,668.7,26.76,-0.85,117.8,-40.2,0.45,913.3,26.41,-0.635
Gujarat,2023,610.6,26.51,0.9,109.6,-98.3,0.2,668.7,26.76,-0.85
Karnataka,2009,1062.4,25.07,0.282,76.4,253.0,-0.02,1062.4,25.07,0.282
Karnataka,2010,869.7,25.17,-0.475,80.2,60.3,0.08,1062.4,25.07,0.282
Karnataka,2011,750.1,24.6,-0.775,84.0,-59.3,-0.49,869.7,25.17,-0.475
Karnataka,2012,605.2,24.95,-0.063,87.8,-204.2,-0.14,750.1,24.6,-0.775
Karnataka,2013,825.4,24.63,-0.234,91.6,16.0,-0.46,605.2,24.95,-0.063
Karnataka,2014,760.5,24.83,0.205,80.4,-48.9,-0.26,825.4,24.63,-0.234
Karnataka,2015,541.6,25.24,1.548,72.2,-267.8,0.15,760.5,24.83,0.205
Karnataka,2016,696.8,25.5,0.423,76.0,-112.6,0.41,541.6,25.24,1.548
Karnataka,2017,759.5,25.4,-0.115,91.8,-49.9,0.31,696.8,25.5,0.423
Karnataka,2018,702.3,25.21,0.094,95.6,-107.1,0.12,759.5,25.4,-0.115
Karnataka,2019,918.6,25.34,0.575,72.4,109.2,0.25,702.3,25.21,0.094
Karnataka,2020,982.5,25.11,-0.272,88.2,173.1,0.02,918.6,25.34,0.575
Karnataka,2021,1236.6,24.61,-0.635,92.0,427.2,-0.48,982.5,25.11,-0.272
Karnataka,2022,916.2,24.77,-0.85,95.8,106.8,-0.32,1236.6,24.61,-0.635
Karnataka,2023,513.0,25.99,0.9,87.6,-296.4,0.9,916.2,24.77,-0.85
Kerala,2009,2609.7,26.04,0.282,63.4,-169.0,-0.45,2609.7,26.04,0.282
Kerala,2010,2794.2,26.14,-0.475,67.2,15.5,-0.35,2609.7,26.04,0.282
Kerala,2011,2722.7,25.74,-0.775,71.0,-56.0,-0.75,2794.2,26.14,-0.475
Kerala,2012,1828.5,26.16,-0.063,74.8,-950.2,-0.33,2722.7,25.74,-0.775
Kerala,2013,2370.3,25.98,-0.234,78.6,-408.4,-0.51,1828.5,26.16,-0.063
Kerala,2014,2114.6,26.27,0.205,67.4,-664.1,-0.22,2370.3,25.98,-0.234
Kerala,2015,2045.3,26.13,1.548,59.2,-733.4,-0.36,2114.6,26.27,0.205
Kerala,2016,1549.7,26.6,0.423,63.0,-1229.0,0.11,2045.3,26.13,1.548
Kerala,2017,3515.4,26.76,-0.115,78.8,736.7,0.27,1549.7,26.6,0.423
Kerala,2018,3179.6,26.92,0.094,82.6,400.9,0.43,3515.4,26.76,-0.115
Kerala,2019,3680.0,27.15,0.575,59.4,901.3,0.66,3179.6,26.92,0.094
Kerala,2020,3297.7,27.22,-0.272,75.2,519.0,0.73,3680.0,27.15,0.575
Kerala,2021,3856.3,26.6,-0.635,79.0,1077.6,0.11,3297.7,27.22,-0.272
Kerala,2022,3477.7,26.37,-0.85,82.8,699.0,-0.12,3856.3,26.6,-0.635
Kerala,2023,2638.3,27.3,0.9,74.6,-140.4,0.81,3477.7,26.37,-0.85
Madhya Pradesh,2009,1052.5,26.47,0.282,108.4,-256.9,0.63,1052.5,26.47,0.282
Madhya Pradesh,2010,772.4,26.55,-0.475,112.2,-537.0,0.71,1052.5,26.47,0.282
Madhya Pradesh,2011,1560.6,25.31,-0.775,116.0,251.2,-0.53,772.4,26.55,-0.475
Madhya Pradesh,2012,1040.9,25.35,-0.063,119.8,-268.5,-0.49,1560.6,25.31,-0.775
Madhya Pradesh,2013,1639.7,25.06,-0.234,123.6,330.3,-0.78,1040.9,25.35,-0.063
Madhya Pradesh,2014,830.4,25.99,0.205,112.4,-479.0,0.15,1639.7,25.06,-0.234
Madhya Pradesh,2015,1229.0,25.88,1.548,104.2,-80.4,0.04,830.4,25.99,0.205
Madhya Pradesh,2016,1419.6,25.93,0.423,108.0,110.2,0.09,1229.0,25.88,1.548
Madhya Pradesh,2017,966.3,26.08,-0.115,123.8,-343.1,0.24,1419.6,25.93,0.423
Madhya Pradesh,2018,1275.1,25.98,0.094,127.6,-34.3,0.14,966.3,26.08,-0.115
Madhya Pradesh,2019,1555.6,26.06,0.575,104.4,246.2,0.22,1275.1,25.98,0.094
Madhya Pradesh,2020,1844.0,25.85,-0.272,120.2,534.6,0.01,1555.6,26.06,0.575
Madhya Pradesh,2021,1202.9,25.69,-0.635,124.0,-106.5,-0.15,1844.0,25.85,-0.272
Madhya Pradesh,2022,1890.1,25.89,-0.85,127.8,580.7,0.05,1202.9,25.69,-0.635
Madhya Pradesh,2023,1362.5,25.57,0.9,119.6,53.1,-0.27,1890.1,25.89,-0.85
Maharashtra,2009,1082.8,26.46,0.282,93.4,197.6,0.46,1082.8,26.46,0.282
Maharashtra,2010,992.5,26.34,-0.475,97.2,107.3,0.34,1082.8,26.46,0.282
Maharashtra,2011,600.2,25.73,-0.775,101.0,-285.0,-0.27,992.5,26.34,-0.475
Maharashtra,2012,510.9,26.19,-0.063,104.8,-374.3,0.19,600.2,25.73,-0.775
Maharashtra,2013,1164.9,25.74,-0.234,108.6,279.7,-0.26,510.9,26.19,-0.063
Maharashtra,2014,707.2,25.92,0.205,97.4,-178.0,-0.08,1164.9,25.74,-0.234
Maharashtra,2015,690.7,26.56,1.548,89.2,-194.5,0.56,707.2,25.92,0.205
Maharashtra,2016,783.6,26.38,0.423,93.0,-101.6,0.38,690.7,26.56,1.548
Maharashtra,2017,894.5,25.75,-0.115,108.8,9.3,-0.25,783.6,26.38,0.423
Maharashtra,2018,666.5,25.91,0.094,112.6,-218.7,-0.09,894.5,25.75,-0.115
Maharashtra,2019,1175.9,26.07,0.575,89.4,290.7,0.07,666.5,25.91,0.094
Maharashtra,2020,997.2,25.75,-0.272,105.2,112.0,-0.25,1175.9,26.07,0.575
Maharashtra,2021,1000.5,25.81,-0.635,109.0,115.3,-0.19,997.2,25.75,-0.272
Maharashtra,2022,1165.7,25.79,-0.85,112.8,280.5,-0.21,1000.5,25.81,-0.635
Maharashtra,2023,845.2,25.64,0.9,104.6,-40.0,-0.36,1165.7,25.79,-0.85
Punjab,2009,583.2,24.47,0.282,133.4,-132.0,1.22,583.2,24.47,0.282
Punjab,2010,654.6,24.26,-0.475,137.2,-60.6,1.01,583.2,24.47,0.282
Punjab,2011,784.0,23.48,-0.775,141.0,68.8,0.23,654.6,24.26,-0.475
Punjab,2012,567.8,23.25,-0.063,144.8,-147.4,-0.0,784.0,23.48,-0.775
Punjab,2013,790.0,23.3,-0.234,148.6,74.8,0.05,567.8,23.25,-0.063
Punjab,2014,687.3,23.2,0.205,137.4,-27.9,-0.05,790.0,23.3,-0.234
Punjab,2015,1017.0,22.88,1.548,129.2,301.8,-0.37,687.3,23.2,0.205
Punjab,2016,531.5,24.58,0.423,133.0,-183.7,1.33,1017.0,22.88,1.548
Punjab,2017,713.1,23.17,-0.115,148.8,-2.1,-0.08,531.5,24.58,0.423
Punjab,2018,681.6,22.83,0.094,152.6,-33.6,-0.42,713.1,23.17,-0.115
Punjab,2019,881.4,22.29,0.575,129.4,166.2,-0.96,681.6,22.83,0.094
Punjab,2020,616.4,22.42,-0.272,145.2,-98.8,-0.83,881.4,22.29,0.575
Punjab,2021,540.1,23.07,-0.635,149.0,-175.1,-0.18,616.4,22.42,-0.272
Punjab,2022,937.3,23.31,-0.85,152.8,222.1,0.06,540.1,23.07,-0.635
Punjab,2023,743.2,22.28,0.9,144.6,28.0,-0.97,937.3,23.31,-0.85
Rajasthan,2009,113.4,26.44,0.282,78.4,-284.7,0.85,113.4,26.44,0.282
Rajasthan,2010,470.2,26.05,-0.475,82.2,72.1,0.46,113.4,26.44,0.282
Rajasthan,2011,350.1,25.41,-0.775,86.0,-48.0,-0.18,470.2,26.05,-0.475
Rajasthan,2012,504.8,24.76,-0.063,89.8,106.7,-0.83,350.1,25.41,-0.775
Rajasthan,2013,367.4,24.73,-0.234,93.6,-30.7,-0.86,504.8,24.76,-0.063
Rajasthan,2014,356.8,24.96,0.205,82.4,-41.3,-0.63,367.4,24.73,-0.234
Rajasthan,2015,322.6,25.39,1.548,74.2,-75.5,-0.2,356.8,24.96,0.205
Rajasthan,2016,491.7,25.92,0.423,78.0,93.6,0.33,322.6,25.39,1.548
Rajasthan,2017,281.5,26.11,-0.115,93.8,-116.6,0.52,491.7,25.92,0.423
Rajasthan,2018,491.4,26.47,0.094,97.6,93.3,0.88,281.5,26.11,-0.115
Rajasthan,2019,561.0,25.65,0.575,74.4,162.9,0.06,491.4,26.47,0.094
Rajasthan,2020,302.3,25.78,-0.272,90.2,-95.8,0.19,561.0,25.65,0.575
Rajasthan,2021,385.1,25.65,-0.635,94.0,-13.0,0.06,302.3,25.78,-0.272
Rajasthan,2022,498.1,25.52,-0.85,97.8,100.0,-0.07,385.1,25.65,-0.635
Rajasthan,2023,474.9,25.08,0.9,89.6,76.8,-0.51,498.1,25.52,-0.85
Tamil Nadu,2009,953.0,28.09,0.282,60.4,-39.2,-0.1,953.0,28.09,0.282
Tamil Nadu,2010,1090.3,27.93,-0.475,64.2,98.1,-0.26,953.0,28.09,0.282
Tamil Nadu,2011,940.2,27.67,-0.775,68.0,-52.0,-0.52,1090.3,27.93,-0.475
Tamil Nadu,2012,777.6,28.39,-0.063,71.8,-214.6,0.2,940.2,27.67,-0.775
Tamil Nadu,2013,690.9,28.32,-0.234,75.6,-301.3,0.13,777.6,28.39,-0.063
Tamil Nadu,2014,952.9,28.15,0.205,64.4,-39.3,-0.04,690.9,28.32,-0.234
Tamil Nadu,2015,1428.9,27.67,1.548,56.2,436.7,-0.52,952.9,28.15,0.205
Tamil Nadu,2016,772.4,28.48,0.423,60.0,-219.8,0.29,1428.9,27.67,1.548
Tamil Nadu,2017,1102.0,28.55,-0.115,75.8,109.8,0.36,772.4,28.48,0.423
Tamil Nadu,2018,866.8,28.16,0.094,79.6,-125.4,-0.03,1102.0,28.55,-0.115
Tamil Nadu,2019,804.9,28.92,0.575,56.4,-187.3,0.73,866.8,28.16,0.094
Tamil Nadu,2020,907.3,28.47,-0.272,72.2,-84.9,0.28,804.9,28.92,0.575
Tamil Nadu,2021,1288.1,27.94,-0.635,76.0,295.9,-0.25,907.3,28.47,-0.272
Tamil Nadu,2022,1186.0,27.69,-0.85,79.8,193.8,-0.5,1288.1,27.94,-0.635
Tamil Nadu,2023,1122.0,28.35,0.9,71.6,129.8,0.16,1186.0,27.69,-0.85
