state,year,rainfall_mm,avg_temperature_c,oni_index,agricultural_gdp_cr
Maharashtra,2009,920.5,28.4,-0.3,105.2
Maharashtra,2010,780.3,29.1,0.8,98.7
Maharashtra,2011,650.8,30.2,1.2,92.1
Maharashtra,2012,1100.2,27.8,-0.5,112.4
Maharashtra,2013,890.6,28.9,0.1,108.3
Maharashtra,2014,720.4,31.0,1.5,88.5
Maharashtra,2015,850.0,31.2,0.4,120.0
Maharashtra,2016,680.2,32.1,2.1,85.3
Maharashtra,2017,950.8,28.5,-0.2,115.6
Maharashtra,2018,810.3,29.8,0.6,102.4
Maharashtra,2019,590.5,33.2,2.3,78.9
Maharashtra,2020,870.1,29.5,0.3,110.2
Maharashtra,2021,760.8,30.8,1.8,94.6
Maharashtra,2022,920.4,28.2,-0.4,118.7
Maharashtra,2023,700.2,31.5,1.9,86.2
Punjab,2009,580.2,22.1,-0.3,145.8
Punjab,2010,520.5,23.4,0.8,138.2
Punjab,2011,450.8,24.8,1.2,128.5
Punjab,2012,620.3,21.5,-0.5,152.3
Punjab,2013,560.6,22.8,0.1,148.9
Punjab,2014,480.4,25.2,1.5,122.4
Punjab,2015,540.0,24.0,0.4,140.0
Punjab,2016,420.2,26.1,2.1,115.3
Punjab,2017,600.8,21.8,-0.2,155.6
Punjab,2018,510.3,23.5,0.6,135.4
Punjab,2019,380.5,27.2,2.3,108.9
Punjab,2020,570.1,22.9,0.3,142.2
Punjab,2021,460.8,25.5,1.8,125.6
Punjab,2022,590.4,21.2,-0.4,158.7
Punjab,2023,410.2,26.0,1.9,112.2
Karnataka,2009,1050.5,26.4,-0.3,88.2
Karnataka,2010,890.3,27.1,0.8,82.7
Karnataka,2011,720.8,28.2,1.2,76.1
Karnataka,2012,1200.2,25.8,-0.5,95.4
Karnataka,2013,980.6,26.9,0.1,91.3
Karnataka,2014,780.4,29.0,1.5,72.5
Karnataka,2015,920.0,27.2,0.4,98.0
Karnataka,2016,680.2,30.1,2.1,68.3
Karnataka,2017,1020.8,26.5,-0.2,102.6
Karnataka,2018,860.3,27.8,0.6,89.4
Karnataka,2019,620.5,31.2,2.3,65.9
Karnataka,2020,940.1,27.5,0.3,96.2
Karnataka,2021,790.8,28.8,1.8,78.6
Karnataka,2022,1080.4,26.2,-0.4,104.7
Karnataka,2023,710.2,29.5,1.9,70.2
Tamil Nadu,2009,980.5,29.4,-0.3,72.2
Tamil Nadu,2010,820.3,30.1,0.8,68.7
Tamil Nadu,2011,690.8,31.2,1.2,62.1
Tamil Nadu,2012,1150.2,28.8,-0.5,78.4
Tamil Nadu,2013,920.6,29.9,0.1,75.3
Tamil Nadu,2014,750.4,32.0,1.5,58.5
Tamil Nadu,2015,880.0,29.2,0.4,82.0
Tamil Nadu,2016,640.2,32.1,2.1,55.3
Tamil Nadu,2017,970.8,29.5,-0.2,85.6
Tamil Nadu,2018,830.3,30.8,0.6,74.4
Tamil Nadu,2019,600.5,33.2,2.3,52.9
Tamil Nadu,2020,890.1,29.5,0.3,80.2
Tamil Nadu,2021,740.8,31.8,1.8,64.6
Tamil Nadu,2022,990.4,29.2,-0.4,87.7
Tamil Nadu,2023,680.2,31.5,1.9,57.2
Uttar Pradesh,2009,880.5,25.4,-0.3,165.2
Uttar Pradesh,2010,740.3,26.1,0.8,155.7
Uttar Pradesh,2011,620.8,27.2,1.2,145.1
Uttar Pradesh,2012,1020.2,24.8,-0.5,172.4
Uttar Pradesh,2013,850.6,25.9,0.1,168.3
Uttar Pradesh,2014,690.4,28.0,1.5,138.5
Uttar Pradesh,2015,820.0,26.2,0.4,175.0
Uttar Pradesh,2016,580.2,29.1,2.1,132.3
Uttar Pradesh,2017,910.8,25.5,-0.2,180.6
Uttar Pradesh,2018,770.3,26.8,0.6,158.4
Uttar Pradesh,2019,550.5,30.2,2.3,128.9
Uttar Pradesh,2020,840.1,26.5,0.3,170.2
Uttar Pradesh,2021,690.8,28.8,1.8,148.6
Uttar Pradesh,2022,930.4,25.2,-0.4,185.7
Uttar Pradesh,2023,640.2,28.5,1.9,135.2
