state,year,avg_temperature_c,rainfall_mm
Andhra Pradesh,2009,28.56,673.4
Andhra Pradesh,2010,27.64,1396.7
Andhra Pradesh,2011,28.06,525.4
Andhra Pradesh,2012,28.38,652.1
Andhra Pradesh,2013,27.39,1113.4
Andhra Pradesh,2014,27.93,668.4
Andhra Pradesh,2015,28.27,831.1
Andhra Pradesh,2016,28.36,808.2
Andhra Pradesh,2017,28.85,763.3
Andhra Pradesh,2018,28.56,607.2
Andhra Pradesh,2019,28.56,913.7
Andhra Pradesh,2020,27.88,1293.7
Andhra Pradesh,2021,28.11,1087.7
Andhra Pradesh,2022,27.88,1152.2
Andhra Pradesh,2023,28.66,1077.3
Bihar,2009,26.2,1005.2
Bihar,2010,26.72,766.1
Bihar,2011,25.33,1179.4
Bihar,2012,25.5,998.5
Bihar,2013,24.89,1116.1
Bihar,2014,24.93,890.5
Bihar,2015,25.72,866.5
Bihar,2016,26.16,1151.1
Bihar,2017,25.46,983.6
Bihar,2018,25.23,1044.9
Bihar,2019,25.52,1255.9
Bihar,2020,24.67,1524.9
Bihar,2021,24.98,1693.0
Bihar,2022,25.42,1140.5
Bihar,2023,26.02,1064.4
Gujarat,2009,26.58,800.3
Gujarat,2010,26.31,912.0
Gujarat,2011,25.92,796.0
Gujarat,2012,25.77,367.1
Gujarat,2013,25.32,871.8
Gujarat,2014,26.02,479.1
Gujarat,2015,26.49,442.5
Gujarat,2016,26.24,472.7
Gujarat,2017,26.55,743.7
Gujarat,2018,27.22,327.3
Gujarat,2019,26.34,1325.9
Gujarat,2020,26.27,902.7
Gujarat,2021,26.41,913.3
Gujarat,2022,26.76,668.7
Gujarat,2023,26.51,610.6
Karnataka,2009,25.07,1062.4
Karnataka,2010,25.17,869.7
Karnataka,2011,24.6,750.1
Karnataka,2012,24.95,605.2
Karnataka,2013,24.63,825.4
Karnataka,2014,24.83,760.5
Karnataka,2015,25.24,541.6
Karnataka,2016,25.5,696.8
Karnataka,2017,25.4,759.5
Karnataka,2018,25.21,702.3
Karnataka,2019,25.34,918.6
Karnataka,2020,25.11,982.5
Karnataka,2021,24.61,1236.6
Karnataka,2022,24.77,916.2
Karnataka,2023,25.99,513.0
Kerala,2009,26.04,2609.7
Kerala,2010,26.14,2794.2
Kerala,2011,25.74,2722.7
Kerala,2012,26.16,1828.5
Kerala,2013,25.98,2370.3
Kerala,2014,26.27,2114.6
Kerala,2015,26.13,2045.3
Kerala,2016,26.6,1549.7
Kerala,2017,26.76,3515.4
Kerala,2018,26.92,3179.6
Kerala,2019,27.15,3680.0
Kerala,2020,27.22,3297.7
Kerala,2021,26.6,3856.3
Kerala,2022,26.37,3477.7
Kerala,2023,27.3,2638.3
Madhya Pradesh,2009,26.47,1052.5
Madhya Pradesh,2010,26.55,772.4
Madhya Pradesh,2011,25.31,1560.6
Madhya Pradesh,2012,25.35,1040.9
Madhya Pradesh,2013,25.06,1639.7
Madhya Pradesh,2014,25.99,830.4
Madhya Pradesh,2015,25.88,1229.0
Madhya Pradesh,2016,25.93,1419.6
Madhya Pradesh,2017,26.08,966.3
Madhya Pradesh,2018,25.98,1275.1
Madhya Pradesh,2019,26.06,1555.6
Madhya Pradesh,2020,25.85,1844.0
Madhya Pradesh,2021,25.69,1202.9
Madhya Pradesh,2022,25.89,1890.1
Madhya Pradesh,2023,25.57,1362.5
Maharashtra,2009,26.46,1082.8
Maharashtra,2010,26.34,992.5
Maharashtra,2011,25.73,600.2
Maharashtra,2012,26.19,510.9
Maharashtra,2013,25.74,1164.9
Maharashtra,2014,25.92,707.2
Maharashtra,2015,26.56,690.7
Maharashtra,2016,26.38,783.6
Maharashtra,2017,25.75,894.5
Maharashtra,2018,25.91,666.5
Maharashtra,2019,26.07,1175.9
Maharashtra,2020,25.75,997.2
Maharashtra,2021,25.81,1000.5
Maharashtra,2022,25.79,1165.7
Maharashtra,2023,25.64,845.2
Punjab,2009,24.47,583.2
Punjab,2010,24.26,654.6
Punjab,2011,23.48,784.0
Punjab,2012,23.25,567.8
Punjab,2013,23.3,790.0
Punjab,2014,23.2,687.3
Punjab,2015,22.88,1017.0
Punjab,2016,24.58,531.5
Punjab,2017,23.17,713.1
Punjab,2018,22.83,681.6
Punjab,2019,22.29,881.4
Punjab,2020,22.42,616.4
Punjab,2021,23.07,540.1
Punjab,2022,23.31,937.3
Punjab,2023,22.28,743.2
Rajasthan,2009,26.44,113.4
Rajasthan,2010,26.05,470.2
Rajasthan,2011,25.41,350.1
Rajasthan,2012,24.76,504.8
Rajasthan,2013,24.73,367.4
Rajasthan,2014,24.96,356.8
Rajasthan,2015,25.39,322.6
Rajasthan,2016,25.92,491.7
Rajasthan,2017,26.11,281.5
Rajasthan,2018,26.47,491.4
Rajasthan,2019,25.65,561.0
Rajasthan,2020,25.78,302.3
Rajasthan,2021,25.65,385.1
Rajasthan,2022,25.52,498.1
Rajasthan,2023,25.08,474.9
Tamil Nadu,2009,28.09,953.0
Tamil Nadu,2010,27.93,1090.3
Tamil Nadu,2011,27.67,940.2
Tamil Nadu,2012,28.39,777.6
Tamil Nadu,2013,28.32,690.9
Tamil Nadu,2014,28.15,952.9
Tamil Nadu,2015,27.67,1428.9
Tamil Nadu,2016,28.48,772.4
Tamil Nadu,2017,28.55,1102.0
Tamil Nadu,2018,28.16,866.8
Tamil Nadu,2019,28.92,804.9
Tamil Nadu,2020,28.47,907.3
Tamil Nadu,2021,27.94,1288.1
Tamil Nadu,2022,27.69,1186.0
Tamil Nadu,2023,28.35,1122.0
